open_time,open,high,low,close,volume,close_time,quote_volume,count,taker_buy_volume,taker_buy_quote_volume,ignore
1717545600000,3.4121000,3.4193000,3.4030000,3.4091000,380981.9,1717545899999,1299856.51304000,5702,228365.7,779241.77468000,0
1717545900000,3.4090000,3.4242000,3.4066000,3.4143000,341904.9,1717546199999,1168553.78248000,5272,181885.3,621668.57789000,0
1717546200000,3.4142000,3.4182000,3.4077000,3.4163000,181517.9,1717546499999,619597.31458000,3505,89258.1,304717.58099000,0
1717546500000,3.4162000,3.4163000,3.3940000,3.4064000,294193.6,1717546799999,1001186.73930000,5383,102546.4,348951.83372000,0
1717546800000,3.4065000,3.4319000,3.4065000,3.4286000,376515.3,1717547099999,1287736.63078000,6334,217088.9,742651.82742000,0
1717547100000,3.4287000,3.4396000,3.4250000,3.4363000,492361.7,1717547399999,1690875.91459000,6831,249249.1,856036.62871000,0
1717547400000,3.4362000,3.4539000,3.4238000,3.4535000,730214.2,1717547699999,2512739.93155000,8081,458774.2,1579894.87408000,0
1717547700000,3.4535000,3.4561000,3.4382000,3.4485000,560451.3,1717547999999,1933404.96377000,6377,222602.0,767846.15978000,0
1717548000000,3.4486000,3.4512000,3.4193000,3.4222000,501087.9,1717548299999,1720755.44292000,7255,172339.2,592169.34382000,0
1717548300000,3.4222000,3.4233000,3.3876000,3.3992000,813907.4,1717548599999,2769703.56860000,10526,360783.8,1227601.51671000,0
1717548600000,3.3991000,3.4198000,3.3975000,3.4128000,506712.6,1717548899999,1725949.51035000,6357,244927.1,834091.40912000,0
1717548900000,3.4127000,3.4141000,3.4035000,3.4085000,233210.8,1717549199999,794901.29335000,4194,120156.1,409564.58414000,0
1717549200000,3.4088000,3.4232000,3.4025000,3.4230000,247957.2,1717549499999,846374.00824000,5566,134931.1,460489.23376000,0
1717549500000,3.4230000,3.4233000,3.4021000,3.4072000,270368.3,1717549799999,921924.13707000,4834,138300.1,471531.49925000,0
1717549800000,3.4077000,3.4164000,3.4027000,3.4143000,332815.1,1717550099999,1134601.52968000,4299,130994.2,446763.65411000,0
1717550100000,3.4141000,3.4213000,3.4004000,3.4035000,359693.8,1717550399999,1226424.79614000,4596,236804.5,807312.65935000,0
1717550400000,3.4034000,3.4210000,3.3960000,3.4200000,287597.7,1717550699999,979583.73981000,5564,147585.4,503082.13799000,0
1717550700000,3.4199000,3.4420000,3.4197000,3.4370000,541248.3,1717550999999,1858127.20012000,7983,319794.2,1097742.96607000,0
1717551000000,3.4370000,3.4494000,3.4135000,3.4484000,772155.7,1717551299999,2649892.71659000,9955,353248.3,1212952.60718000,0
1717551300000,3.4483000,3.4583000,3.4384000,3.4577000,680295.8,1717551599999,2346355.28685000,9553,350905.8,1210575.24731000,0
1717551600000,3.4571000,3.4708000,3.4527000,3.4596000,633831.5,1717551899999,2194341.72706000,9488,332661.0,1151850.77200000,0
1717551900000,3.4595000,3.4946000,3.4485000,3.4910000,826920.9,1717552199999,2868364.56925000,11620,515538.2,1789575.13277000,0
1717552200000,3.4905000,3.4991000,3.4860000,3.4918000,907750.0,1717552499999,3170624.21117000,12006,507661.6,1773280.78540000,0
1717552500000,3.4916000,3.5000000,3.4860000,3.4983000,798094.0,1717552799999,2790303.91705000,8562,437576.0,1530051.87325000,0
1717552800000,3.4983000,3.5157000,3.4753000,3.4804000,1689258.9,1717553099999,5909824.20496000,17791,952739.6,3334350.21885000,0
1717553100000,3.4806000,3.5129000,3.4734000,3.5065000,808750.6,1717553399999,2828759.20047000,11550,484015.7,1693174.33563000,0
1717553400000,3.5065000,3.5109000,3.4821000,3.4864000,778094.5,1717553699999,2719737.98223000,9918,353915.2,1237375.13861000,0
1717553700000,3.4863000,3.5380000,3.4842000,3.5316000,1327538.5,1717553999999,4670299.12963000,15290,846141.3,2977180.38756000,0
1717554000000,3.5316000,3.5473000,3.5129000,3.5423000,1255515.0,1717554299999,4432830.02461000,15153,612233.7,2162210.16861000,0
1717554300000,3.5423000,3.5726000,3.5397000,3.5580000,1518220.5,1717554599999,5402947.99534000,18849,780834.6,2778973.40832000,0
1717554600000,3.5581000,3.5902000,3.5501000,3.5753000,1471365.1,1717554899999,5259877.06917000,16019,824389.0,2948072.85185000,0
1717554900000,3.5754000,3.5827000,3.5427000,3.5437000,1039297.9,1717555199999,3703217.78727000,13278,384743.3,1372226.83306000,0
1717555200000,3.5442000,3.5532000,3.5174000,3.5212000,1108524.6,1717555499999,3920850.97350000,14541,527087.5,1865751.63934000,0
1717555500000,3.5208000,3.5584000,3.5112000,3.5458000,1098708.4,1717555799999,3881899.62957000,13048,553188.1,1955419.91288000,0
1717555800000,3.5459000,3.5553000,3.5373000,3.5415000,524199.7,1717556099999,1858864.56828000,8184,223052.3,791176.29227000,0
1717556100000,3.5415000,3.5644000,3.5395000,3.5540000,718581.1,1717556399999,2552969.54394000,8174,395429.2,1404897.34221000,0
1717556400000,3.5545000,3.5727000,3.5419000,3.5667000,690577.1,1717556699999,2459364.99645000,10470,351701.3,1253011.78552000,0
1717556700000,3.5674000,3.5726000,3.5403000,3.5412000,555819.0,1717556999999,1978246.30652000,7867,205562.8,732032.52886000,0
1717557000000,3.5414000,3.5436000,3.5151000,3.5185000,784440.8,1717557299999,2765818.94673000,9322,271689.0,958011.71253000,0
1717557300000,3.5186000,3.5221000,3.4940000,3.4982000,1353885.9,1717557599999,4750272.22929000,14658,457332.0,1605105.24688000,0
1717557600000,3.4984000,3.5200000,3.4978000,3.5184000,576979.3,1717557899999,2023247.11097000,7120,257653.8,904021.58260000,0
1717557900000,3.5183000,3.5391000,3.5113000,3.5326000,573038.7,1717558199999,2021244.78535000,8847,335780.9,1184135.24594000,0
1717558200000,3.5336000,3.5576000,3.5276000,3.5525000,462929.4,1717558499999,1641532.31943000,8060,255093.3,904503.74806000,0
1717558500000,3.5525000,3.5638000,3.5480000,3.5595000,368442.1,1717558799999,1310332.49619000,5933,185610.8,660114.45450000,0
1717558800000,3.5594000,3.5611000,3.5301000,3.5352000,657605.2,1717559099999,2330234.36592000,8518,189006.6,669937.22352000,0
1717559100000,3.5359000,3.5402000,3.5170000,3.5204000,475931.8,1717559399999,1677507.46141000,6639,195286.2,688258.15713000,0
1717559400000,3.5204000,3.5275000,3.5051000,3.5069000,582672.4,1717559699999,2047890.69198000,6583,179083.4,629627.53259000,0
1717559700000,3.5069000,3.5239000,3.5047000,3.5047000,568553.1,1717559999999,1997018.29297000,7635,214090.7,752348.31976000,0
1717560000000,3.5046000,3.5173000,3.4942000,3.5009000,584779.2,1717560299999,2049720.17828000,9794,286256.9,1003669.17501000,0
1717560300000,3.5011000,3.5040000,3.4804000,3.4853000,1010193.0,1717560599999,3525151.90775000,11773,475800.5,1660190.49323000,0
1717560600000,3.4850000,3.4888000,3.4642000,3.4684000,1075245.1,1717560899999,3734656.60997000,10917,460552.0,1600040.75393000,0
1717560900000,3.4684000,3.5009000,3.4684000,3.4997000,687540.9,1717561199999,2400076.92966000,8986,451418.3,1575718.43735000,0
1717561200000,3.4996000,3.5028000,3.4800000,3.4807000,451545.3,1717561499999,1576360.99621000,6695,239566.7,836358.53449000,0
1717561500000,3.4809000,3.4926000,3.4751000,3.4876000,338171.8,1717561799999,1177404.00291000,5183,198266.8,690430.41354000,0
1717561800000,3.4875000,3.4925000,3.4675000,3.4863000,543080.2,1717562099999,1888335.06435000,7575,293043.1,1019313.01502000,0
1717562100000,3.4863000,3.4982000,3.4834000,3.4906000,321996.4,1717562399999,1124026.00145000,5705,195186.6,681362.24806000,0
1717562400000,3.4908000,3.4960000,3.4828000,3.4960000,235862.4,1717562699999,822801.42538000,4415,139769.4,487627.33572000,0
1717562700000,3.4961000,3.5029000,3.4871000,3.4970000,383274.3,1717562999999,1339555.24419000,5738,197506.1,690384.82627000,0
1717563000000,3.4970000,3.5063000,3.4864000,3.5063000,219246.9,1717563299999,766804.22126000,4481,140025.2,489806.19043000,0
1717563300000,3.5063000,3.5068000,3.4901000,3.4914000,276464.7,1717563599999,967892.74931000,3649,126845.8,444142.73234000,0
1717563600000,3.4914000,3.5036000,3.4813000,3.4922000,343502.6,1717563899999,1199752.23836000,6314,157227.8,549351.25635000,0
1717563900000,3.4920000,3.4971000,3.4556000,3.4587000,928854.6,1717564199999,3220171.36085000,11270,327007.0,1133953.29079000,0
1717564200000,3.4588000,3.4686000,3.4358000,3.4413000,1160384.0,1717564499999,4004992.80275000,12709,333317.3,1151367.89500000,0
1717564500000,3.4414000,3.4509000,3.4369000,3.4411000,669950.7,1717564799999,2306581.99822000,6102,369105.9,1270859.32591000,0
1717564800000,3.4409000,3.4600000,3.4409000,3.4588000,450343.3,1717565099999,1554433.99277000,5595,303633.2,1048158.26846000,0
1717565100000,3.4588000,3.4588000,3.4500000,3.4576000,242874.6,1717565399999,838896.11711000,3031,87555.2,302529.20912000,0
1717565400000,3.4575000,3.4709000,3.4546000,3.4646000,296575.7,1717565699999,1027149.32091000,4399,216664.4,750376.11408000,0
1717565700000,3.4646000,3.4786000,3.4634000,3.4740000,358604.4,1717565999999,1245063.39904000,5452,211774.8,735379.69205000,0
1717566000000,3.4739000,3.4746000,3.4521000,3.4641000,271710.5,1717566299999,940526.14644000,4836,97202.6,336544.53498000,0
1717566300000,3.4641000,3.4771000,3.4564000,3.4734000,607768.1,1717566599999,2107580.21703000,6382,324174.8,1124224.59976000,0
1717566600000,3.4733000,3.4947000,3.4698000,3.4792000,514487.9,1717566899999,1793059.68441000,7480,271951.6,948106.71361000,0
1717566900000,3.4794000,3.4941000,3.4771000,3.4854000,463963.8,1717567199999,1617731.51667000,5472,296582.3,1034289.57351000,0
1717567200000,3.4847000,3.4926000,3.4762000,3.4863000,276048.1,1717567499999,962067.68051000,5092,136283.2,475023.88710000,0
1717567500000,3.4862000,3.4976000,3.4824000,3.4901000,443725.5,1717567799999,1549390.61018000,5431,257170.3,897872.85009000,0
1717567800000,3.4898000,3.4920000,3.4779000,3.4805000,257557.4,1717568099999,897458.88124000,3845,97709.9,340576.50729000,0
1717568100000,3.4807000,3.4948000,3.4756000,3.4824000,268738.9,1717568399999,936891.39604000,4326,145095.1,505986.79069000,0
1717568400000,3.4822000,3.4906000,3.4768000,3.4779000,260057.9,1717568699999,905676.64666000,4095,110434.1,384670.74223000,0
1717568700000,3.4779000,3.4946000,3.4766000,3.4894000,235031.3,1717568999999,819626.73727000,3602,133674.7,466228.49980000,0
1717569000000,3.4894000,3.4930000,3.4777000,3.4924000,287614.7,1717569299999,1002281.18566000,3737,127609.2,444906.78890000,0
1717569300000,3.4922000,3.5235000,3.4875000,3.5186000,821405.3,1717569599999,2882807.70117000,11252,528021.3,1852865.51199000,0
1717569600000,3.5179000,3.5314000,3.5100000,3.5304000,510904.3,1717569899999,1798016.02385000,6626,284432.6,1001367.01957000,0
1717569900000,3.5305000,3.5346000,3.5111000,3.5140000,562021.2,1717570199999,1979829.82005000,7665,206241.6,727057.22655000,0
1717570200000,3.5139000,3.5199000,3.5072000,3.5134000,363362.4,1717570499999,1276680.53055000,5001,184591.0,648700.97275000,0
1717570500000,3.5133000,3.5269000,3.5055000,3.5178000,496232.0,1717570799999,1744072.98385000,5996,189456.0,665912.60725000,0
1717570800000,3.5177000,3.5228000,3.5031000,3.5161000,555915.2,1717571099999,1953182.62395000,7072,256575.4,901915.91698000,0
1717571100000,3.5163000,3.5181000,3.5028000,3.5077000,328207.0,1717571399999,1151519.54933000,4578,145003.8,508793.48203000,0
1717571400000,3.5077000,3.5162000,3.4970000,3.5086000,439083.1,1717571699999,1539286.99229000,5951,188294.5,660291.02059000,0
1717571700000,3.5088000,3.5197000,3.5044000,3.5136000,302521.3,1717571999999,1062891.63411000,4644,151215.4,531318.33513000,0
1717572000000,3.5139000,3.5430000,3.5117000,3.5411000,704138.3,1717572299999,2482446.50535000,8463,456195.4,1608679.94602000,0
1717572300000,3.5412000,3.5443000,3.5208000,3.5212000,565018.2,1717572599999,1996900.49742000,6933,253564.1,896000.39689000,0
1717572600000,3.5212000,3.5267000,3.5073000,3.5231000,576375.4,1717572899999,2026282.82156000,7928,287862.8,1012277.25516000,0
1717572900000,3.5231000,3.5320000,3.5228000,3.5272000,316531.2,1717573199999,1116553.89462000,4516,180426.7,636456.36860000,0
1717573200000,3.5268000,3.5469000,3.5262000,3.5382000,534663.4,1717573499999,1892581.29764000,7172,254118.8,899409.46388000,0
1717573500000,3.5382000,3.5622000,3.5240000,3.5584000,1039247.6,1717573799999,3682384.88688000,12124,609039.8,2158339.32982000,0
1717573800000,3.5585000,3.5632000,3.5282000,3.5362000,1386914.6,1717574099999,4919247.03071000,14400,542286.0,1924886.11534000,0
1717574100000,3.5361000,3.5546000,3.5354000,3.5376000,620392.6,1717574399999,2199545.53375000,8259,279256.2,990125.73878000,0
1717574400000,3.5377000,3.5566000,3.5327000,3.5354000,668635.9,1717574699999,2370620.90058000,9541,357995.7,1269461.76755000,0
1717574700000,3.5354000,3.5389000,3.5202000,3.5203000,649628.8,1717574999999,2292514.53632000,9233,306295.8,1081171.82859000,0
1717575000000,3.5207000,3.5216000,3.4950000,3.4993000,1008587.1,1717575299999,3536237.96057000,11917,388314.7,1361050.38111000,0
1717575300000,3.4990000,3.5118000,3.4911000,3.5077000,702982.9,1717575599999,2460829.95633000,7571,279842.0,980128.96664000,0
1717575600000,3.5077000,3.5248000,3.4995000,3.5192000,369441.7,1717575899999,1297798.99947000,6504,206169.2,724305.83493000,0
1717575900000,3.5193000,3.5248000,3.5127000,3.5232000,216631.5,1717576199999,762374.68886000,4040,124104.9,436786.84531000,0
1717576200000,3.5233000,3.5725000,3.5222000,3.5610000,1341308.9,1717576499999,4769722.93875000,18326,718614.8,2555479.05600000,0
1717576500000,3.5610000,3.5765000,3.5581000,3.5627000,932915.2,1717576799999,3328850.69736000,10887,428046.1,1527426.34201000,0
1717576800000,3.5627000,3.5725000,3.5603000,3.5663000,442064.7,1717577099999,1576323.14245000,6663,198246.2,706953.81958000,0
1717577100000,3.5664000,3.5680000,3.5441000,3.5457000,813362.5,1717577399999,2892444.94842000,8841,375821.8,1336699.49976000,0
1717577400000,3.5456000,3.5521000,3.5200000,3.5294000,935794.2,1717577699999,3304294.06911000,11751,404224.1,1427751.10516000,0
1717577700000,3.5295000,3.5410000,3.5262000,3.5403000,498527.0,1717577999999,1761145.20715000,6699,265545.5,938270.07207000,0
1717578000000,3.5403000,3.5639000,3.5267000,3.5296000,853610.8,1717578299999,3024040.03109000,11498,359030.5,1272318.41747000,0
1717578300000,3.5301000,3.5473000,3.5252000,3.5443000,487934.9,1717578599999,1724668.67412000,6560,228695.7,808673.43738000,0
1717578600000,3.5439000,3.5500000,3.5186000,3.5196000,567575.7,1717578899999,2004306.58940000,7686,172832.7,610753.68430000,0
1717578900000,3.5197000,3.5397000,3.5178000,3.5268000,313467.9,1717579199999,1105979.68340000,5789,143613.1,506796.92918000,0
1717579200000,3.5268000,3.5570000,3.5251000,3.5408000,394295.0,1717579499999,1397580.22916000,6811,222749.5,789442.68340000,0
1717579500000,3.5407000,3.5441000,3.5322000,3.5354000,322080.0,1717579799999,1139072.37032000,5488,132875.2,469961.87880000,0
1717579800000,3.5353000,3.5418000,3.5066000,3.5212000,572494.3,1717580099999,2014438.05684000,9765,231792.4,815736.55514000,0
1717580100000,3.5213000,3.5224000,3.5017000,3.5032000,640769.2,1717580399999,2248616.75587000,7382,217677.3,763971.73198000,0
1717580400000,3.5035000,3.5131000,3.4972000,3.5012000,556714.5,1717580699999,1950973.72421000,7005,269865.3,946105.88504000,0
1717580700000,3.5011000,3.5129000,3.4924000,3.5121000,596561.0,1717580999999,2089688.37387000,7449,256796.4,899438.43755000,0
1717581000000,3.5122000,3.5166000,3.5000000,3.5015000,318981.9,1717581299999,1118566.35851000,5123,152495.3,535042.37919000,0
1717581300000,3.5019000,3.5107000,3.5004000,3.5107000,191645.9,1717581599999,671385.53650000,3108,117695.4,412379.46107000,0
1717581600000,3.5109000,3.5117000,3.4734000,3.4871000,665881.5,1717581899999,2322843.39928000,9290,237871.4,830300.30307000,0
1717581900000,3.4868000,3.4941000,3.4750000,3.4831000,1026425.8,1717582199999,3576631.53800000,8573,441075.1,1537081.54944000,0
1717582200000,3.4832000,3.4944000,3.4791000,3.4919000,204566.4,1717582499999,713358.33979000,3861,124087.9,432802.32587000,0
1717582500000,3.4918000,3.5012000,3.4861000,3.4943000,490756.3,1717582799999,1714394.14220000,5923,267877.5,936006.50609000,0
1717582800000,3.4944000,3.4989000,3.4700000,3.4708000,531247.3,1717583099999,1849602.88037000,7469,234273.9,816302.81843000,0
1717583100000,3.4707000,3.4709000,3.4262000,3.4383000,3845411.3,1717583399999,13236112.35597000,22169,1611310.8,5543741.38623000,0
1717583400000,3.4383000,3.4482000,3.4203000,3.4433000,1100802.3,1717583699999,3779239.38694000,11325,608677.7,2090582.37301000,0
1717583700000,3.4432000,3.4527000,3.4249000,3.4444000,1158396.9,1717583999999,3981900.98667000,9126,655977.5,2255559.25613000,0
1717584000000,3.4440000,3.4464000,3.4324000,3.4411000,522008.6,1717584299999,1795602.90988000,5949,307998.6,1059697.79787000,0
1717584300000,3.4411000,3.4490000,3.4340000,3.4396000,416543.7,1717584599999,1433305.58293000,5743,209483.9,720910.32888000,0
1717584600000,3.4394000,3.4489000,3.4323000,3.4466000,463670.4,1717584899999,1595771.11833000,5311,331086.9,1139420.45163000,0
1717584900000,3.4465000,3.4465000,3.4300000,3.4336000,271494.9,1717585199999,933694.04680000,4122,112421.6,386584.78015000,0
1717585200000,3.4336000,3.4407000,3.4231000,3.4385000,481821.3,1717585499999,1653631.46970000,6565,233773.9,802694.70736000,0
1717585500000,3.4387000,3.4445000,3.4280000,3.4428000,239834.7,1717585799999,824379.51331000,4335,127847.0,439458.00779000,0
1717585800000,3.4428000,3.4532000,3.4381000,3.4530000,353893.0,1717586099999,1219292.57925000,5347,246901.2,850857.44069000,0
1717586100000,3.4530000,3.4577000,3.4477000,3.4569000,454290.2,1717586399999,1568906.02733000,6216,238942.1,825335.68169000,0
1717586400000,3.4563000,3.4619000,3.4500000,3.4594000,427181.9,1717586699999,1477003.14458000,5364,307949.0,1064973.27978000,0
1717586700000,3.4591000,3.4618000,3.4477000,3.4514000,234144.7,1717586999999,808469.58301000,3895,97894.6,338005.90519000,0
1717587000000,3.4514000,3.4574000,3.4354000,3.4565000,324217.1,1717587299999,1117255.66628000,5703,131487.8,453404.78832000,0
1717587300000,3.4566000,3.4573000,3.4467000,3.4475000,186653.5,1717587599999,644106.47813000,3077,103565.3,357373.44786000,0
1717587600000,3.4475000,3.4533000,3.4410000,3.4499000,302969.3,1717587899999,1044468.99069000,3911,158115.1,545167.63947000,0
1717587900000,3.4499000,3.4608000,3.4417000,3.4552000,321565.1,1717588199999,1110718.69915000,4826,171205.6,591456.87745000,0
1717588200000,3.4552000,3.4615000,3.4511000,3.4605000,240201.1,1717588499999,830291.84899000,3564,148776.9,514326.40301000,0
1717588500000,3.4605000,3.4663000,3.4547000,3.4598000,470108.3,1717588799999,1626920.53263000,5481,230152.0,796519.88960000,0
1717588800000,3.4596000,3.4660000,3.4572000,3.4591000,260990.8,1717589099999,903497.03863000,5864,142333.3,492800.21381000,0
1717589100000,3.4588000,3.4612000,3.4504000,3.4561000,438144.2,1717589399999,1513415.95739000,5894,190948.2,659656.63109000,0
1717589400000,3.4555000,3.4644000,3.4551000,3.4582000,274272.3,1717589699999,948819.23440000,4078,178440.5,617294.38781000,0
1717589700000,3.4582000,3.4692000,3.4500000,3.4517000,723108.2,1717589999999,2499990.25638000,6455,377576.1,1306088.00758000,0
1717590000000,3.4517000,3.4539000,3.4260000,3.4277000,999780.0,1717590299999,3443023.10700000,7392,265809.7,914848.58232000,0
1717590300000,3.4280000,3.4304000,3.3928000,3.3952000,1999620.0,1717590599999,6815171.25547000,19256,743106.0,2534050.65219000,0
1717590600000,3.3952000,3.4179000,3.3948000,3.4159000,690377.8,1717590899999,2353093.50562000,9301,390351.7,1330504.10689000,0
1717590900000,3.4159000,3.4175000,3.3925000,3.4151000,921579.6,1717591199999,3136232.22464000,10136,465240.3,1583607.59412000,0
1717591200000,3.4152000,3.4331000,3.4133000,3.4321000,496511.9,1717591499999,1698571.90521000,7329,311075.3,1064339.59482000,0
1717591500000,3.4320000,3.4336000,3.4147000,3.4259000,561582.5,1717591799999,1924056.57631000,7405,231766.0,794300.31345000,0
1717591800000,3.4259000,3.4322000,3.4193000,3.4275000,250387.5,1717592099999,857460.35895000,4645,112183.3,384259.04420000,0
1717592100000,3.4276000,3.4321000,3.4229000,3.4229000,209752.3,1717592399999,718999.22293000,3702,88459.6,303294.82005000,0
1717592400000,3.4228000,3.4246000,3.4132000,3.4205000,392783.0,1717592699999,1342542.36094000,5856,165746.2,566621.93892000,0
1717592700000,3.4206000,3.4400000,3.4206000,3.4371000,504045.6,1717592999999,1729460.23263000,6670,358934.3,1231957.10687000,0
1717593000000,3.4371000,3.4445000,3.4291000,3.4316000,378097.0,1717593299999,1299297.20266000,5665,191551.6,658317.07118000,0
1717593300000,3.4316000,3.4493000,3.4302000,3.4415000,505146.8,1717593599999,1737992.96880000,6460,248370.2,854364.18016000,0
1717593600000,3.4415000,3.4541000,3.4362000,3.4509000,511091.4,1717593899999,1761129.71215000,6197,310307.2,1069533.03782000,0
1717593900000,3.4505000,3.4529000,3.4381000,3.4413000,361990.2,1717594199999,1247001.63791000,5032,206389.1,711010.25686000,0
1717594200000,3.4413000,3.4481000,3.4335000,3.4341000,260122.5,1717594499999,894363.81435000,4921,88093.0,302947.89211000,0
1717594500000,3.4341000,3.4357000,3.3971000,3.3990000,1186617.8,1717594799999,4048546.09103000,11888,412233.4,1406356.39172000,0
1717594800000,3.3989000,3.4208000,3.3959000,3.4095000,761034.2,1717595099999,2594798.43533000,8488,438743.0,1496340.75053000,0
1717595100000,3.4093000,3.4129000,3.3931000,3.3953000,744195.2,1717595399999,2531237.24801000,8138,305454.9,1039644.65404000,0
1717595400000,3.3953000,3.4141000,3.3833000,3.4122000,941719.9,1717595699999,3199256.24364000,11200,492786.5,1675393.34050000,0
1717595700000,3.4124000,3.4184000,3.3934000,3.4071000,702418.2,1717595999999,2392033.12707000,7520,299996.2,1022002.97492000,0
1717596000000,3.4071000,3.4100000,3.3916000,3.4006000,851868.8,1717596299999,2897260.85118000,9163,364187.4,1239086.16475000,0
1717596300000,3.4010000,3.4048000,3.3704000,3.3711000,1137445.3,1717596599999,3849483.54202000,11361,369809.3,1251996.61025000,0
1717596600000,3.3711000,3.3837000,3.3647000,3.3671000,1550372.7,1717596899999,5229091.75120000,11372,627885.6,2118600.25347000,0
1717596900000,3.3671000,3.3845000,3.3570000,3.3779000,1160654.9,1717597199999,3912367.44566000,11520,625270.1,2108262.08749000,0
1717597200000,3.3779000,3.3881000,3.3734000,3.3859000,459107.1,1717597499999,1552261.23537000,6893,208517.6,705241.48106000,0
1717597500000,3.3857000,3.4006000,3.3838000,3.3963000,624785.5,1717597799999,2120345.54362000,7019,392793.7,1333302.91239000,0
1717597800000,3.3963000,3.4031000,3.3821000,3.3922000,628847.9,1717598099999,2131970.16684000,8466,309975.7,1051149.31466000,0
1717598100000,3.3921000,3.3989000,3.3772000,3.3989000,683045.7,1717598399999,2315325.98407000,8704,337940.3,1145799.21914000,0
1717598400000,3.3984000,3.4087000,3.3935000,3.3992000,653419.0,1717598699999,2222501.15744000,8247,361970.1,1231333.12939000,0
1717598700000,3.3986000,3.4151000,3.3878000,3.4123000,468074.1,1717598999999,1592799.95318000,8248,249188.7,848252.46585000,0
1717599000000,3.4125000,3.4180000,3.4061000,3.4146000,377384.5,1717599299999,1287730.11314000,5684,204379.1,697486.02449000,0
1717599300000,3.4145000,3.4199000,3.4109000,3.4156000,507097.1,1717599599999,1732175.63498000,5624,348075.3,1189159.17629000,0
1717599600000,3.4158000,3.4247000,3.4141000,3.4239000,592644.1,1717599899999,2027472.50165000,7642,283437.0,969734.90218000,0
1717599900000,3.4241000,3.4271000,3.4011000,3.4024000,485277.5,1717600199999,1656803.42360000,6394,176944.6,604180.80472000,0
1717600200000,3.4024000,3.4450000,3.4000000,3.4442000,1406949.6,1717600499999,4818431.21039000,12858,861686.4,2950782.68119000,0
1717600500000,3.4443000,3.4608000,3.4372000,3.4589000,1631479.3,1717600799999,5628946.17763000,15648,840535.5,2900793.47317000,0
1717600800000,3.4586000,3.4668000,3.4527000,3.4622000,846740.6,1717601099999,2930051.47986000,8751,434144.3,1502587.71641000,0
1717601100000,3.4621000,3.4919000,3.4509000,3.4911000,1377900.3,1717601399999,4790335.15107000,14890,748706.1,2603335.13868000,0
1717601400000,3.4911000,3.4914000,3.4676000,3.4793000,841597.2,1717601699999,2925955.63423000,9284,338962.9,1178299.58997000,0
1717601700000,3.4793000,3.4935000,3.4722000,3.4781000,795468.8,1717601999999,2771717.85958000,8798,341058.5,1188549.61749000,0
1717602000000,3.4777000,3.4777000,3.4610000,3.4634000,697452.6,1717602299999,2419232.26159000,7913,262116.2,909427.90353000,0
1717602300000,3.4635000,3.4977000,3.4514000,3.4926000,1418488.6,1717602599999,4932922.37147000,14599,872174.0,3034969.64136000,0
1717602600000,3.4926000,3.4956000,3.4757000,3.4859000,784475.3,1717602899999,2734855.12925000,9141,403450.6,1406774.87619000,0
1717602900000,3.4858000,3.4877000,3.4708000,3.4742000,555294.6,1717603199999,1930774.03613000,6884,217194.0,755213.40643000,0
1717603200000,3.4744000,3.4908000,3.4696000,3.4696000,429168.1,1717603499999,1494184.72689000,6924,184814.4,643610.80388000,0
1717603500000,3.4697000,3.4700000,3.4460000,3.4566000,914093.5,1717603799999,3159621.96332000,11100,300304.7,1038416.47598000,0
1717603800000,3.4566000,3.4800000,3.4560000,3.4661000,573657.9,1717604099999,1988017.57602000,7563,310538.1,1076224.68543000,0
1717604100000,3.4660000,3.4792000,3.4538000,3.4566000,518778.9,1717604399999,1798097.48783000,6978,244351.4,846922.89792000,0
1717604400000,3.4568000,3.4950000,3.4548000,3.4827000,963018.9,1717604699999,3351817.45998000,12322,466658.3,1624091.98182000,0
1717604700000,3.4828000,3.4849000,3.4692000,3.4736000,306676.3,1717604999999,1065775.73611000,5096,137289.4,477076.98358000,0
1717605000000,3.4736000,3.4753000,3.4597000,3.4698000,385395.4,1717605299999,1336436.79561000,5289,176992.0,613967.43076000,0
1717605300000,3.4699000,3.4768000,3.4600000,3.4617000,419299.0,1717605599999,1454250.19138000,4971,222000.5,770126.19851000,0
1717605600000,3.4617000,3.4631000,3.4414000,3.4478000,545932.3,1717605899999,1884924.86382000,6920,185840.4,641848.53845000,0
1717605900000,3.4478000,3.4504000,3.4010000,3.4123000,2071297.4,1717606199999,7082209.93869000,17112,788796.4,2695819.35316000,0
1717606200000,3.4123000,3.4280000,3.4094000,3.4168000,569127.3,1717606499999,1945029.45949000,7377,257802.8,881322.82345000,0
1717606500000,3.4169000,3.4175000,3.3831000,3.4002000,1784849.1,1717606799999,6057057.61037000,12043,830530.1,2817670.15334000,0
1717606800000,3.4001000,3.4160000,3.3808000,3.4113000,1158452.5,1717607099999,3936041.03077000,11868,633895.0,2154724.64237000,0
1717607100000,3.4117000,3.4161000,3.4009000,3.4134000,381226.8,1717607399999,1299901.34285000,5226,191117.8,651668.73939000,0
1717607400000,3.4132000,3.4209000,3.4112000,3.4194000,357721.9,1717607699999,1222363.88050000,5095,204033.4,697261.99311000,0
1717607700000,3.4195000,3.4264000,3.4117000,3.4230000,448918.5,1717607999999,1535119.20314000,5037,257988.2,882225.22370000,0
1717608000000,3.4231000,3.4241000,3.4124000,3.4215000,351775.2,1717608299999,1202488.82506000,4041,182867.5,625063.77438000,0
1717608300000,3.4215000,3.4300000,3.4114000,3.4187000,508983.0,1717608599999,1742028.53006000,5150,272134.5,931932.04532000,0
1717608600000,3.4187000,3.4290000,3.4167000,3.4259000,264986.7,1717608899999,907061.67035000,4050,113437.0,388376.40207000,0
1717608900000,3.4255000,3.4282000,3.4167000,3.4226000,479279.6,1717609199999,1639738.30862000,4328,170978.2,585002.93543000,0
1717609200000,3.4226000,3.4385000,3.4156000,3.4358000,457458.7,1717609499999,1567490.42810000,5434,239843.0,822229.53632000,0
1717609500000,3.4357000,3.4457000,3.4300000,3.4426000,249120.6,1717609799999,856843.69377000,4179,140839.7,484365.29962000,0
1717609800000,3.4427000,3.4565000,3.4409000,3.4552000,670260.2,1717610099999,2311134.37066000,7256,431164.7,1486687.19502000,0
1717610100000,3.4553000,3.4607000,3.4502000,3.4578000,449846.6,1717610399999,1554857.86239000,5680,261286.6,903193.51037000,0
1717610400000,3.4578000,3.4601000,3.4427000,3.4438000,486353.8,1717610699999,1679313.92642000,5556,212492.7,733789.57589000,0
1717610700000,3.4439000,3.4542000,3.4311000,3.4357000,530261.4,1717610999999,1825000.53574000,6128,269465.5,927678.70617000,0
1717611000000,3.4360000,3.4435000,3.4184000,3.4231000,427214.7,1717611299999,1464702.44721000,5928,192503.6,660171.83984000,0
1717611300000,3.4233000,3.4321000,3.4100000,3.4320000,617711.2,1717611599999,2112525.67640000,7098,270088.8,924116.22787000,0
1717611600000,3.4320000,3.4401000,3.4193000,3.4398000,405609.2,1717611899999,1390889.63199000,6205,241689.4,829038.56023000,0
1717611900000,3.4397000,3.4589000,3.4383000,3.4435000,441057.3,1717612199999,1520982.79947000,6657,228344.9,787517.50626000,0
1717612200000,3.4435000,3.4620000,3.4421000,3.4556000,451823.2,1717612499999,1559795.90591000,6131,228960.0,790610.91327000,0
1717612500000,3.4557000,3.4624000,3.4470000,3.4516000,298913.0,1717612799999,1032768.21084000,4420,165725.0,572649.76058000,0
1717612800000,3.4516000,3.4558000,3.4470000,3.4494000,268387.0,1717613099999,926275.16544000,3661,110394.6,381055.02481000,0
1717613100000,3.4494000,3.4559000,3.4319000,3.4369000,475600.7,1717613399999,1636684.51018000,6451,164822.6,567150.05415000,0
1717613400000,3.4367000,3.4497000,3.4353000,3.4497000,281349.6,1717613699999,969001.58987000,3992,171571.1,590911.01298000,0
1717613700000,3.4496000,3.4500000,3.4427000,3.4429000,123435.9,1717613999999,425513.10557000,2405,69951.2,241157.02817000,0
1717614000000,3.4430000,3.4511000,3.4373000,3.4432000,181476.6,1717614299999,624863.47062000,3710,96661.8,332842.00694000,0
1717614300000,3.4431000,3.4472000,3.4312000,3.4394000,208002.2,1717614599999,715136.75599000,3647,104154.1,358190.53845000,0
1717614600000,3.4394000,3.4410000,3.4242000,3.4292000,393920.6,1717614899999,1351300.00583000,4364,151319.5,519025.46460000,0
1717614900000,3.4292000,3.4309000,3.4225000,3.4305000,187247.0,1717615199999,641505.55859000,3309,99504.9,340933.37105000,0
1717615200000,3.4304000,3.4305000,3.4222000,3.4223000,269300.3,1717615499999,922485.63865000,3669,135653.8,464665.80653000,0
1717615500000,3.4223000,3.4246000,3.4181000,3.4203000,206010.4,1717615799999,704823.77407000,3038,92855.3,317714.04636000,0
1717615800000,3.4205000,3.4330000,3.4186000,3.4330000,216544.1,1717616099999,741688.81160000,3117,99406.4,340523.50647000,0
1717616100000,3.4329000,3.4431000,3.4281000,3.4431000,307188.5,1717616399999,1056232.37929000,3795,248426.2,854218.48416000,0
1717616400000,3.4431000,3.4511000,3.4386000,3.4509000,141814.4,1717616699999,488587.43002000,3228,75859.8,261399.73217000,0
1717616700000,3.4509000,3.4563000,3.4435000,3.4532000,274501.7,1717616999999,946933.43810000,4419,144367.0,498037.83690000,0
1717617000000,3.4535000,3.4659000,3.4513000,3.4615000,370290.2,1717617299999,1280697.93765000,4850,203382.6,703472.50926000,0
1717617300000,3.4615000,3.4631000,3.4553000,3.4602000,183963.5,1717617599999,636372.96416000,2807,75889.0,262511.08166000,0
1717617600000,3.4603000,3.4633000,3.4448000,3.4508000,276537.3,1717617899999,954802.92892000,3823,103097.0,355888.49950000,0
1717617900000,3.4511000,3.4529000,3.4478000,3.4481000,118048.3,1717618199999,407306.23578000,2104,52583.6,181408.46913000,0
1717618200000,3.4480000,3.4664000,3.4474000,3.4600000,168667.6,1717618499999,583545.46328000,3393,96336.2,333267.19064000,0
1717618500000,3.4600000,3.4609000,3.4453000,3.4479000,152990.4,1717618799999,528085.99105000,3152,50232.1,173351.85396000,0
1717618800000,3.4478000,3.4513000,3.4423000,3.4505000,125598.9,1717619099999,432864.75331000,2318,55989.9,192998.11796000,0
1717619100000,3.4505000,3.4529000,3.4362000,3.4405000,156798.8,1717619399999,539631.02230000,2541,65333.8,224861.17545000,0
1717619400000,3.4406000,3.4508000,3.4369000,3.4476000,140000.4,1717619699999,482087.16073000,2826,82787.3,285005.20997000,0
1717619700000,3.4476000,3.4476000,3.4365000,3.4378000,134031.9,1717619999999,461078.35611000,2193,48865.7,168092.51262000,0
1717620000000,3.4378000,3.4407000,3.4272000,3.4333000,411094.7,1717620299999,1410621.65150000,5306,176921.0,607024.76332000,0
1717620300000,3.4332000,3.4334000,3.4228000,3.4310000,214678.2,1717620599999,735776.77274000,2950,96348.5,330236.07817000,0
1717620600000,3.4310000,3.4322000,3.4229000,3.4268000,176983.1,1717620899999,606527.63585000,2686,77910.7,266958.88220000,0
1717620900000,3.4268000,3.4291000,3.4227000,3.4277000,115149.6,1717621199999,394515.48191000,1872,70067.5,240052.04811000,0
1717621200000,3.4277000,3.4366000,3.4236000,3.4365000,163626.2,1717621499999,561243.01855000,2843,105453.4,361708.28830000,0
1717621500000,3.4365000,3.4371000,3.4178000,3.4186000,330994.8,1717621799999,1133854.34210000,3943,91289.7,312818.64464000,0
1717621800000,3.4185000,3.4307000,3.4154000,3.4306000,334218.5,1717622099999,1143259.73470000,4157,167260.1,572292.84736000,0
1717622100000,3.4307000,3.4340000,3.4201000,3.4217000,207436.3,1717622399999,711205.73195000,3040,95000.6,325732.21315000,0
1717622400000,3.4218000,3.4237000,3.4108000,3.4174000,191834.1,1717622699999,655274.53345000,2716,55518.7,189590.43342000,0
1717622700000,3.4175000,3.4232000,3.4113000,3.4143000,145750.5,1717622999999,497873.96386000,2323,69388.2,237049.90090000,0
1717623000000,3.4143000,3.4171000,3.4054000,3.4165000,170966.1,1717623299999,583119.21957000,3387,63494.9,216635.56439000,0
1717623300000,3.4164000,3.4164000,3.4019000,3.4164000,435637.8,1717623599999,1484688.50912000,4201,131861.5,449428.66910000,0
1717623600000,3.4164000,3.4195000,3.4115000,3.4165000,156612.8,1717623899999,534919.01344000,2484,101345.3,346182.80829000,0
1717623900000,3.4165000,3.4175000,3.4100000,3.4100000,119438.6,1717624199999,407764.07153000,1908,32436.6,110755.91048000,0
1717624200000,3.4100000,3.4100000,3.4030000,3.4060000,146160.5,1717624499999,497739.05143000,2103,72736.6,247654.07215000,0
1717624500000,3.4059000,3.4112000,3.4059000,3.4079000,119302.7,1717624799999,406670.64323000,1877,95017.3,323885.51393000,0
1717624800000,3.4078000,3.4113000,3.4006000,3.4090000,242249.0,1717625099999,825182.92750000,3553,118067.6,402176.96092000,0
1717625100000,3.4088000,3.4116000,3.3986000,3.3993000,279056.3,1717625399999,949488.72806000,3946,106844.5,363629.64304000,0
1717625400000,3.3994000,3.4078000,3.3974000,3.3994000,142207.2,1717625699999,483731.91875000,2575,66055.7,224734.91673000,0
1717625700000,3.3994000,3.4025000,3.3963000,3.3964000,173538.9,1717625999999,589795.74077000,2729,64721.5,219967.21639000,0
1717626000000,3.3963000,3.3985000,3.3937000,3.3949000,120368.5,1717626299999,408747.58044000,2280,60963.4,207028.00428000,0
1717626300000,3.3949000,3.3965000,3.3900000,3.3921000,205923.5,1717626599999,698678.44147000,2624,57615.7,195505.79856000,0
1717626600000,3.3921000,3.4004000,3.3906000,3.4002000,155808.6,1717626899999,529112.94472000,2967,103641.8,351954.18862000,0
1717626900000,3.4003000,3.4044000,3.3934000,3.3980000,182260.4,1717627199999,619393.83219000,3019,104224.7,354223.71504000,0
1717627200000,3.3980000,3.4011000,3.3914000,3.4002000,208075.0,1717627499999,706675.50019000,2633,129474.6,439753.73918000,0
1717627500000,3.4003000,3.4018000,3.3880000,3.3880000,180015.3,1717627799999,610763.10860000,2635,72716.4,246739.23618000,0
1717627800000,3.3881000,3.3914000,3.3800000,3.3901000,364554.1,1717628099999,1234063.88155000,4560,163586.7,553891.61080000,0
1717628100000,3.3898000,3.3910000,3.3819000,3.3829000,147353.5,1717628399999,498867.70112000,2384,60242.8,203978.02604000,0
1717628400000,3.3830000,3.3943000,3.3804000,3.3930000,210369.5,1717628699999,712653.85258000,3459,131650.7,445984.11609000,0
1717628700000,3.3930000,3.3972000,3.3908000,3.3911000,173867.3,1717628999999,590069.41988000,2861,107658.8,365389.47193000,0
1717629000000,3.3915000,3.3987000,3.3904000,3.3973000,188064.9,1717629299999,638452.89922000,2962,119427.9,405420.43861000,0
1717629300000,3.3973000,3.4029000,3.3892000,3.3902000,238868.1,1717629599999,811683.33098000,3198,136423.5,463642.71116000,0
1717629600000,3.3902000,3.4031000,3.3891000,3.3958000,200069.6,1717629899999,680080.09722000,2718,132503.3,450373.07016000,0
1717629900000,3.3957000,3.3997000,3.3833000,3.3959000,328905.7,1717630199999,1115175.79041000,4024,162904.1,552425.91365000,0
1717630200000,3.3958000,3.4038000,3.3903000,3.4021000,210782.6,1717630499999,716296.67703000,3690,103482.1,351693.51311000,0
1717630500000,3.4022000,3.4127000,3.4005000,3.4063000,231966.2,1717630799999,790547.54995000,4155,138594.8,472363.92526000,0
1717630800000,3.4063000,3.4078000,3.4008000,3.4028000,167416.2,1717631099999,569824.86121000,2669,65529.6,223065.60365000,0
1717631100000,3.4028000,3.4030000,3.3928000,3.3974000,306942.7,1717631399999,1042831.98298000,3629,96750.1,328776.07866000,0
1717631400000,3.3974000,3.4033000,3.3932000,3.3990000,156536.9,1717631699999,531975.29299000,2732,80251.3,272701.28006000,0
1717631700000,3.3990000,3.3990000,3.3922000,3.3947000,158146.2,1717631999999,537003.85214000,2324,63194.5,214623.26684000,0
